,icao24,callsign,origin_country,time_position,last_contact,long,lat,baro_altitude,on_ground,velocity,true_track,vertical_rate,sensors,geo_altitude,squawk,spi,position_source
0,a9a0f1,N7198E  ,United States,1653677196,1653677202,-87.536,30.4101,213.36,False,39.58,27.9,-0.33,No Data,129.54,No Data,False,0
1,a042ff,N116FE  ,United States,1653677342,1653677342,-99.0241,30.8926,7315.2,False,250.4,115.04,0.0,No Data,7711.44,No Data,False,0
2,a84515,N6319Q  ,United States,1653677339,1653677339,-90.8075,31.6247,2895.6,False,74.36,72.69,0.98,No Data,2979.42,No Data,False,0
3,abf008,SWA2295 ,United States,1653677343,1653677343,-100.2897,31.9111,11285.22,False,238.44,163.32,0.0,No Data,11780.52,No Data,False,0
4,abb3c3,N853PA  ,United States,1653677166,1653677166,-95.6654,29.8052,167.64,False,32.96,337.04,-3.58,No Data,167.64,No Data,False,0
5,a34294,DAL1402 ,United States,1653677342,1653677343,-91.3398,31.6464,10363.2,False,223.75,248.98,0.0,No Data,10797.54,No Data,False,0
6,a40d0c,N360HS  ,United States,1653677342,1653677343,-87.4937,30.8288,2529.84,False,145.22,174.51,-5.2,No Data,2613.66,No Data,False,0
7,a6b71d,N5314W  ,United States,1653677270,1653677312,-96.1957,30.2361,2263.14,False,58.09,157.07,0.98,No Data,2400.3,3440,False,0
8,a6fdc7,N55HF   ,United States,1653677309,1653677313,-87.7714,32.1245,10972.8,False,218.85,310.81,-0.65,No Data,11391.9,No Data,False,0
9,a63a24,N500CB  ,United States,1653677341,1653677342,-87.7,30.2921,495.3,False,103.56,292.49,14.31,No Data,510.54,No Data,False,0
10,ab14d9,DAL600  ,United States,1653677343,1653677343,-87.2427,32.0524,9753.6,False,235.33,216.02,-0.33,No Data,10165.08,No Data,False,0
11,a5345e,N4340M  ,United States,1653677342,1653677342,-97.563,30.1968,1676.4,False,40.96,78.41,1.3,No Data,1775.46,No Data,False,0
12,ac7112,TWY3    ,United States,1653677343,1653677343,-115.913,31.4486,11887.2,False,245.91,142.65,0.33,No Data,12390.12,No Data,False,0
13,ab512f,N82818  ,United States,1653674996,1653677339,-95.487,31.103,1805.94,False,73.92,325.2,-0.65,No Data,1828.8,0771,False,0
14,a2c14a,N277JE  ,United States,1653676613,1653677320,-93.7089,31.009,7033.26,False,128.52,198.43,-5.53,No Data,7124.7,3403,False,0
15,a88d9e,N650KC  ,United States,1653677343,1653677343,-100.1716,31.5308,4815.84,False,122.68,160.65,-3.58,No Data,5105.4,No Data,False,0
16,a7c46e,N6VF    ,United States,1653677343,1653677343,-102.6072,30.9388,10972.8,False,221.74,288.81,0.0,No Data,11490.96,No Data,False,0
17,a09313,N136SH  ,United States,1653677342,1653677342,-98.6321,30.8367,2834.64,False,77.63,34.74,0.33,No Data,2994.66,No Data,False,0
18,adebbb,N9963N  ,United States,1653677343,1653677343,-97.0616,28.6312,1562.1,False,67.49,3.06,1.3,No Data,1630.68,No Data,False,0
19,0d0b92,VIV172  ,Mexico,1653677330,1653677342,-98.795,25.074,11879.58,False,231.98,3.69,0.0,No Data,12496.8,No Data,False,0
20,0d0b10,VOI949  ,Mexico,1653677342,1653677343,-97.5236,30.1178,11574.78,False,223.17,214.39,0.0,No Data,12085.32,6513,False,0
21,a95dbb,N702TX  ,United States,1653677342,1653677342,-98.6399,29.398,449.58,False,28.76,169.7,1.63,No Data,472.44,No Data,False,0
22,0d0b20,VTM356  ,Mexico,1653677342,1653677342,-94.726,29.6087,10363.2,False,225.29,213.54,0.33,No Data,10835.64,4175,False,0
23,a6eac3,DCM3545 ,United States,1653677342,1653677343,-98.4926,30.947,12496.8,False,254.65,101.54,-0.33,No Data,12999.72,No Data,False,0
24,aaca05,N79454  ,United States,1653677311,1653677311,-97.6719,29.8607,205.74,False,37.1,183.18,-4.88,No Data,220.98,No Data,False,0
25,ace7aa,SWA573  ,United States,1653677342,1653677343,-96.949,30.0515,10645.14,False,220.83,279.79,10.4,No Data,11125.2,4064,False,0
26,ab5de4,JUS831  ,United States,1653676471,1653677104,-94.5298,29.9251,6400.8,False,214.09,78.64,0.0,No Data,6713.22,6520,False,0
27,ab77ee,ASA1400 ,United States,1653677340,1653677340,-97.6797,30.225,220.98,False,69.47,178.73,-3.25,No Data,228.6,6313,False,0
28,a8592c,EJA637  ,United States,1653677342,1653677342,-87.3977,31.5472,7772.4,False,233.46,139.29,-4.88,No Data,8100.06,No Data,False,0
29,a5e64b,N48AL   ,United States,1653677342,1653677342,-96.0548,29.0003,2438.4,False,79.31,230.53,0.0,No Data,2522.22,No Data,False,0
30,a5d32b,N4746L  ,United States,1653676507,1653677306,-97.2162,32.3353,1958.34,False,55.51,214.43,0.33,No Data,2049.78,No Data,False,0
31,a69c57,N525JP  ,United States,1653676874,1653677341,-93.6344,30.6273,No Data,False,193.96,252.72,-11.38,No Data,No Data,0542,False,0
32,3c4b28,DLH440  ,Germany,1653677342,1653677342,-91.6247,31.6718,11582.4,False,241.74,241.25,0.0,No Data,12054.84,2427,False,0
33,ae14c2,MNTNA64 ,United States,1653677342,1653677342,-96.8949,30.2298,3017.52,False,121.47,285.98,0.0,No Data,3177.54,4555,False,0
34,a45c90,N380PA  ,United States,1653677342,1653677342,-98.396,29.181,1021.08,False,56.16,155.08,-3.25,No Data,1066.8,No Data,False,0
35,a89fa9,N655DS  ,United States,1653677342,1653677342,-98.8216,29.2412,876.3,False,30.82,345.5,-0.98,No Data,937.26,No Data,False,0
36,ac71dd,AAL1355 ,United States,1653677054,1653677054,-104.3433,29.9834,10690.86,False,219.93,230.31,-4.88,No Data,11247.12,No Data,False,0
37,a16534,GLH2    ,United States,1653677342,1653677342,-98.394,30.6544,13304.52,False,240.73,302.88,4.23,No Data,13807.44,4042,False,0
38,a115c6,N1692L  ,United States,1653677342,1653677342,-97.5961,29.1441,2095.5,False,65.79,6.74,0.0,No Data,2194.56,No Data,False,0
39,a6ec8c,N545X   ,United States,1653677343,1653677343,-96.8388,30.1041,2011.68,False,46.44,309.16,0.0,No Data,2156.46,No Data,False,0
40,a9a31e,N72VR   ,United States,1653677340,1653677342,-98.9132,30.2188,1333.5,False,55.67,43.88,-0.33,No Data,No Data,No Data,False,0
41,a1ae79,N20704  ,United States,1653677158,1653677158,-110.949,32.1243,784.86,False,43.29,134.52,-2.6,No Data,769.62,No Data,False,0
42,a8a986,GTX518  ,United States,1653677342,1653677342,-98.3833,29.748,1341.12,False,88.14,210.91,-0.65,No Data,1394.46,No Data,False,0
43,a6a3c7,N527JR  ,United States,1653677343,1653677343,-88.7984,30.4801,6682.74,False,155.85,104.72,-3.9,No Data,7040.88,No Data,False,0
44,a39e8a,N332PH  ,United States,1653677042,1653677042,-98.4593,29.3343,205.74,False,36.44,283.06,-1.63,No Data,243.84,No Data,False,0
45,a51b4d,N428WB  ,United States,1653677341,1653677343,-93.9373,30.624,12809.22,False,230.52,91.15,-5.2,No Data,13258.8,1051,False,0
46,a26b89,DPJ255  ,United States,1653677342,1653677342,-86.8903,30.3741,6911.34,False,170.8,118.42,10.08,No Data,7223.76,No Data,False,0
47,ad084e,NKS1339 ,United States,1653677328,1653677328,-87.4884,21.4352,1981.2,False,125.13,123.43,-6.5,No Data,2110.74,No Data,False,0
48,a63b47,N500PT  ,United States,1653677228,1653677342,-94.4622,31.4699,10668.0,False,231.95,38.88,0.0,No Data,11163.3,2135,False,0
49,a488fb,N3911   ,United States,1653677342,1653677342,-98.8736,29.8655,762.0,False,55.96,96.86,-0.65,No Data,777.24,No Data,False,0
50,a38b45,N3274R  ,United States,1653677342,1653677342,-96.8673,29.9525,1615.44,False,62.67,80.07,0.65,No Data,1722.12,No Data,False,0
51,a738fe,N5646P  ,United States,1653677342,1653677343,-97.1899,30.0153,2263.14,False,70.53,177.91,0.0,No Data,2392.68,3411,False,0
52,a2c283,N277WT  ,United States,1653677336,1653677336,-88.0326,31.3016,4411.98,False,102.95,225.2,-0.33,No Data,4556.76,No Data,False,0
53,ab5e9b,SWA2503 ,United States,1653677342,1653677342,-96.5613,30.3214,7559.04,False,234.69,94.15,8.78,No Data,7947.66,2426,False,0
54,a2ce9c,N280GL  ,United States,1653677337,1653677340,-88.6835,29.1879,12496.8,False,264.38,117.46,-0.65,No Data,13014.96,3614,False,0
55,a582a3,N454TB  ,United States,1653677343,1653677343,-98.2507,29.9759,3474.72,False,132.56,55.75,0.0,No Data,3649.98,No Data,False,0
56,0d0a2b,XAVGL   ,Mexico,1653677018,1653677078,-114.3571,31.1235,10668.0,False,232.83,153.77,0.0,No Data,11148.06,No Data,False,0
57,aa92fc,UAL6    ,United States,1653677342,1653677343,-96.4459,31.4085,9669.78,False,245.76,152.31,-9.43,No Data,10126.98,1464,False,0
58,a3f4a6,N354LC  ,United States,1653677165,1653677167,-97.3488,26.172,60.96,False,37.11,136.12,-4.55,No Data,22.86,No Data,False,0
59,a33d47,N308CL  ,United States,1653677320,1653677342,-97.1971,32.2163,1950.72,False,74.51,215.45,-0.33,No Data,2019.3,No Data,False,0
60,a4fb84,N42YZ   ,United States,1653677341,1653677341,-87.948,31.3016,3040.38,False,88.96,293.16,0.33,No Data,3147.06,No Data,False,0
61,a0ca0d,N15YS   ,United States,1653677342,1653677342,-87.7493,30.4416,5539.74,False,179.75,267.21,9.75,No Data,5760.72,No Data,False,0
62,0d0a26,VOI120  ,Mexico,1653677342,1653677342,-97.5395,25.468,11277.6,False,259.92,114.43,0.33,No Data,11871.96,No Data,False,0
63,aa3226,AAL2939 ,United States,1653677343,1653677343,-98.236,30.0318,9456.42,False,236.06,3.5,0.0,No Data,9928.86,No Data,False,0
64,aaeec5,UAL2606 ,United States,1653677342,1653677343,-96.2383,31.0677,8313.42,False,233.32,152.42,-11.05,No Data,8763.0,0520,False,0
65,a280bc,N260TX  ,United States,1653677343,1653677343,-87.1617,22.0612,9144.0,False,141.28,347.38,0.33,No Data,9685.02,No Data,False,0
66,a3401a,JBU932  ,United States,1653677093,1653677341,-95.0838,30.3635,4968.24,False,191.48,33.6,8.45,No Data,5257.8,4070,False,0
67,a423c4,DAL2872 ,United States,1653677340,1653677341,-94.8192,30.9852,7284.72,False,228.9,29.04,4.88,No Data,7650.48,No Data,False,0
68,a46c9a,UAL1298 ,United States,1653677342,1653677342,-105.074,31.6418,10363.2,False,229.29,279.95,0.0,No Data,10873.74,2352,False,0
69,ae1e94,CASH86  ,United States,1653677342,1653677343,-99.7816,28.401,2948.94,False,97.14,59.09,2.93,No Data,3131.82,No Data,False,0
70,0d0cec,VIV153  ,Mexico,1653677342,1653677342,-97.5646,25.3662,10363.2,False,235.58,185.26,0.0,No Data,10942.32,No Data,False,0
71,a0ebde,CAP844  ,United States,1653677336,1653677336,-87.5648,30.6984,365.76,False,32.56,275.44,-4.88,No Data,320.04,No Data,False,0
72,0d0cb0,VIV684  ,Mexico,1653677342,1653677342,-98.4297,29.8219,11887.2,False,225.56,9.05,0.0,No Data,12412.98,No Data,False,0
73,a22bf0,SWA495  ,United States,1653677342,1653677343,-91.6661,29.5495,8823.96,False,236.63,246.56,8.13,No Data,9227.82,No Data,False,0
74,a77e2e,N582JR  ,United States,1653677205,1653677211,-99.5869,25.997,3916.68,False,173.22,266.25,-9.75,No Data,4114.8,No Data,False,0
75,a2e57e,ENY3708 ,United States,1653677341,1653677341,-100.8081,28.1532,10363.2,False,229.15,206.39,0.33,No Data,10896.6,2316,False,0
76,ab0bd4,N81007  ,United States,1653677048,1653677048,-98.4839,29.5414,No Data,True,41.16,132.19,No Data,No Data,No Data,No Data,False,0
77,a72396,N55925  ,United States,1653677342,1653677342,-102.4527,32.3072,2225.04,False,46.27,118.56,1.95,No Data,2354.58,No Data,False,0
78,ab5b66,SWA322  ,United States,1653677342,1653677343,-101.8643,31.053,10972.8,False,219.68,282.44,0.0,No Data,11490.96,No Data,False,0
79,adc972,N988G   ,United States,1653677193,1653677193,-95.2222,30.655,922.02,False,56.27,94.72,-2.6,No Data,1363.98,No Data,False,0
80,a722db,SWA1735 ,United States,1653677342,1653677342,-99.9425,28.3372,11277.6,False,236.03,139.33,0.0,No Data,11841.48,No Data,False,0
81,a6c89d,VOI212  ,United States,1653677343,1653677343,-87.0275,21.1306,594.36,False,98.74,123.52,0.0,No Data,640.08,No Data,False,0
82,a9bed3,N727PA  ,United States,1653677342,1653677342,-98.9279,30.2226,2407.92,False,74.99,194.7,-3.58,No Data,2545.08,No Data,False,0
83,acdcf6,N928MA  ,United States,1653677244,1653677336,-95.7769,29.4581,1341.12,False,54.85,200.3,-1.3,No Data,1409.7,No Data,False,0
84,a7bb01,N5979F  ,United States,1653677340,1653677342,-90.4351,30.4316,1066.8,False,57.49,226.45,0.0,No Data,1104.9,No Data,False,0
85,a602ab,ASA440  ,United States,1653677252,1653677301,-95.7417,24.5159,10668.0,False,255.09,108.58,-0.33,No Data,11247.12,No Data,False,0
86,0d0d61,XAFTY   ,Mexico,1653677343,1653677343,-96.4028,31.8482,13106.4,False,238.0,196.32,-0.33,No Data,13571.22,5630,False,0
87,aa3b1f,N7587S  ,United States,1653677342,1653677343,-97.2282,29.6553,1744.98,False,75.0,166.92,-1.95,No Data,1821.18,No Data,False,0
88,acd0c2,ENY3761 ,United States,1653676659,1653677341,-94.0101,31.7252,10972.8,False,209.31,285.54,-6.18,No Data,11384.28,7230,False,0
89,0d0d74,XAAAL   ,Mexico,1653677343,1653677343,-87.1116,21.4111,1379.22,False,108.28,156.48,-5.2,No Data,1455.42,No Data,False,0
90,a602cd,SKW519R ,United States,1653676987,1653677342,-93.5435,30.8718,9540.24,False,185.52,247.84,-13.33,No Data,9791.7,No Data,False,0
91,a8ee07,N6748C  ,United States,1653677342,1653677342,-98.5347,29.4551,3505.2,False,85.66,138.65,0.0,No Data,3649.98,No Data,False,0
92,a842a9,NKS1334 ,United States,1653677257,1653677264,-94.3534,28.8399,7071.36,False,252.84,135.74,6.5,No Data,7452.36,No Data,False,0
93,aa4e47,SKW3065 ,United States,1653677342,1653677342,-97.6042,30.7553,9525.0,False,241.3,180.86,4.88,No Data,10005.06,3426,False,0
94,a08a1a,AAL1939 ,United States,1653677342,1653677342,-102.9406,32.2845,10363.2,False,221.91,264.01,0.0,No Data,10843.26,No Data,False,0
95,0d0d90,VOI195  ,Mexico,1653677342,1653677342,-98.364,24.7902,11582.4,False,216.1,293.57,0.0,No Data,12207.24,No Data,False,0
96,a5941e,LXJ459  ,United States,1653677343,1653677343,-97.9663,25.7337,13106.4,False,213.36,256.33,0.0,No Data,13716.0,No Data,False,0
97,a71d34,ASA760  ,United States,1653677342,1653677342,-90.0353,31.2812,11277.6,False,251.47,97.17,0.0,No Data,11719.56,2061,False,0
98,a57a1d,LXJ452  ,United States,1653677342,1653677343,-89.8367,29.728,12550.14,False,257.68,130.3,5.2,No Data,13045.44,0536,False,0
99,a85790,N63681  ,United States,1653677327,1653677327,-98.4562,29.3337,213.36,False,37.75,289.92,-3.25,No Data,213.36,No Data,False,0
100,a28f12,ENY4223 ,United States,1653677327,1653677327,-92.8587,30.4001,10668.0,False,252.31,84.27,-0.33,No Data,11102.34,5724,False,0
101,ab6394,AAL1176 ,United States,1653677343,1653677343,-99.6541,27.3167,10363.2,False,234.86,213.2,-0.33,No Data,10866.12,3242,False,0
102,c03493,TSC539  ,Canada,1653677342,1653677342,-87.5429,31.3811,10668.0,False,240.58,33.04,0.33,No Data,11109.96,No Data,False,0
103,a16337,N189MJ  ,United States,1653677252,1653677252,-92.279,31.8118,3322.32,False,98.57,103.89,-0.98,No Data,3451.86,6175,False,0
104,a27c6a,N2598N  ,United States,1653677087,1653677087,-89.5408,30.7363,3345.18,False,103.92,89.72,-0.65,No Data,3436.62,No Data,False,0
105,a869bc,JBU1826 ,United States,1653677343,1653677343,-96.8959,29.661,7421.88,False,235.62,89.62,5.85,No Data,7802.88,No Data,False,0
106,ab13a0,N8123W  ,United States,1653677247,1653677342,-96.7201,31.0197,3322.32,False,58.57,314.64,0.33,No Data,3474.72,1200,False,0
107,acdf21,N9286W  ,United States,1653677342,1653677342,-98.0354,29.6838,441.96,False,54.69,94.32,2.93,No Data,396.24,No Data,False,0
108,0d0ba3,VIV2133 ,Mexico,1653677342,1653677342,-87.2557,21.2126,1203.96,False,111.13,90.8,0.33,No Data,1280.16,No Data,False,0
109,a53347,N434PH  ,United States,1653677008,1653677131,-95.4121,29.6708,251.46,False,52.08,200.22,0.65,No Data,243.84,No Data,False,0
110,abac0a,N851LA  ,United States,1653677342,1653677342,-97.5305,26.1056,53.34,False,65.89,70.86,-8.78,No Data,106.68,No Data,False,0
111,ace605,N930DS  ,United States,1653677341,1653677343,-88.0327,31.067,7620.0,False,162.85,108.03,0.0,No Data,7947.66,No Data,False,0
112,ad79eb,AAL387  ,United States,1653677342,1653677343,-98.4598,29.6425,10363.2,False,236.74,206.73,0.0,No Data,10858.5,6414,False,0
113,aaf3b7,N80441  ,United States,1653677338,1653677338,-98.4879,29.5447,251.46,False,36.44,131.57,-1.95,No Data,251.46,No Data,False,0
114,ac20a1,SWA1006 ,United States,1653677343,1653677343,-97.2116,29.9445,7292.34,False,208.49,265.47,-12.03,No Data,7696.2,4504,False,0
115,a58cb0,LXJ457  ,United States,1653677341,1653677341,-115.7198,31.2294,13716.0,False,248.27,142.92,-0.65,No Data,14203.68,3665,False,0
116,aaa68a,SWA19   ,United States,1653677342,1653677342,-96.0715,28.9682,7307.58,False,217.19,225.86,-0.33,No Data,7688.58,No Data,False,0
117,a9acd7,N722VB  ,United States,1653677240,1653677240,-95.2942,29.8142,586.74,False,97.64,97.87,-0.33,No Data,594.36,No Data,False,0
118,a9d9f7,AAL1606 ,United States,1653677342,1653677342,-104.2831,32.1106,10972.8,False,239.61,282.9,0.33,No Data,11483.34,7005,False,0
119,a96ffe,EJA707  ,United States,1653677342,1653677342,-91.1277,30.6128,1965.96,False,156.15,86.6,18.86,No Data,2049.78,No Data,False,0
120,a068df,N12516  ,United States,1653677342,1653677342,-98.4418,30.0971,1066.8,False,52.46,221.82,-0.65,No Data,1127.76,No Data,False,0
121,a6532a,N5064M  ,United States,1653677342,1653677342,-97.7407,30.1135,2385.06,False,142.46,286.14,20.48,No Data,2522.22,No Data,False,0
122,a8a6a3,N6569M  ,United States,1653677087,1653677087,-95.6592,29.7939,182.88,False,41.83,343.57,-1.3,No Data,213.36,No Data,False,0
123,ad342e,WDY600  ,United States,1653677342,1653677343,-93.1505,31.077,13106.4,False,245.19,238.64,-0.33,No Data,13563.6,2242,False,0
124,a118b1,N17VB   ,United States,1653677340,1653677340,-89.7225,31.1716,10972.8,False,160.1,276.83,0.0,No Data,11430.0,No Data,False,0
125,a3d0f5,N345MA  ,United States,1653677342,1653677342,-111.0402,32.2189,1546.86,False,95.98,167.3,-9.43,No Data,1600.2,No Data,False,0
126,ae04d8,CNV4415 ,United States,1653677342,1653677343,-104.0168,32.0054,11582.4,False,214.74,283.44,0.0,No Data,12100.56,6160,False,0
127,a380ae,N3248T  ,United States,1653677342,1653677343,-96.512,30.2629,2186.94,False,95.09,103.13,-1.63,No Data,2286.0,6256,False,0
128,a94f40,N6995V  ,United States,1653675801,1653677258,-95.1627,31.0923,1798.32,False,76.62,22.09,-0.65,No Data,1851.66,2772,False,0
129,a1b82a,N21LG   ,United States,1653677195,1653677195,-97.5647,27.9753,1615.44,False,128.2,177.7,-12.68,No Data,1714.5,0672,False,0
130,a3209f,CWG300  ,United States,1653677342,1653677343,-91.254,28.8808,13106.4,False,204.25,279.13,0.0,No Data,13632.18,No Data,False,0
131,acb1b2,N917LM  ,United States,1653677342,1653677342,-98.513,30.057,1607.82,False,75.0,18.81,-0.33,No Data,1691.64,No Data,False,0
132,adddff,N993CE  ,United States,1653676445,1653677342,-94.3276,31.7225,12496.8,False,232.04,31.4,0.33,No Data,12954.0,7373,False,0
133,a3a8df,N335F   ,United States,1653677343,1653677343,-103.6857,32.0251,12496.8,False,246.86,116.62,0.0,No Data,13030.2,No Data,False,0
134,a33eb6,SFE2    ,United States,1653677339,1653677342,-97.6046,30.2934,205.74,False,0.0,0.0,0.0,No Data,220.98,No Data,False,0
135,a3f816,N355HG  ,United States,1653677343,1653677343,-101.3482,32.1461,2522.22,False,144.45,260.57,-4.55,No Data,2628.9,No Data,False,0
136,a1427f,AAL606  ,United States,1653677342,1653677342,-90.9698,31.6656,10515.6,False,247.02,102.39,-4.23,No Data,10904.22,No Data,False,0
137,ab4de4,N8275A  ,United States,1653677342,1653677342,-87.2996,31.62,3337.56,False,90.94,108.13,0.33,No Data,3436.62,No Data,False,0
138,a4c8a3,SWA2670 ,United States,1653677342,1653677343,-96.7256,29.9322,5021.58,False,188.25,312.45,-11.7,No Data,5318.76,3223,False,0
139,a63e98,N501KR  ,United States,1653677342,1653677342,-98.1304,28.0446,2400.3,False,149.54,169.7,-8.13,No Data,2537.46,No Data,False,0
140,a62b61,N497PC  ,United States,1653677339,1653677339,-100.9799,31.266,4221.48,False,103.52,221.37,2.6,No Data,4472.94,No Data,False,0
141,a3e54d,N350FC  ,United States,1653677342,1653677342,-96.9225,29.9153,4610.1,False,134.31,268.68,-4.23,No Data,4853.94,No Data,False,0
142,a51227,N426CM  ,United States,1653677343,1653677343,-102.5175,31.0513,12192.0,False,243.66,286.56,0.33,No Data,12717.78,No Data,False,0
143,a06a1f,N126BK  ,United States,1653677342,1653677342,-99.4373,27.5058,8282.94,False,253.0,147.12,-7.15,No Data,8770.62,No Data,False,0
144,ad2bea,ASH5828 ,United States,1653677325,1653677325,-102.1785,32.0571,1417.32,False,115.29,271.79,-9.75,No Data,1539.24,No Data,False,0
145,a62b39,N497MN  ,United States,1653677343,1653677343,-94.5522,30.2288,12496.8,False,226.78,93.51,-0.33,No Data,12976.86,4053,False,0
146,aa9723,SWA131  ,United States,1653677343,1653677343,-94.3511,30.1383,11277.6,False,244.48,148.68,0.0,No Data,11772.9,3377,False,0
147,a57407,BL0VR   ,United States,1653677237,1653677270,-87.6033,30.8512,701.04,False,36.1,310.96,-2.93,No Data,716.28,No Data,False,0
148,a44d27,N3765L  ,United States,1653677339,1653677341,-102.462,31.5591,8229.6,False,201.32,27.22,-0.33,No Data,8671.56,No Data,False,0
149,a3dde5,N34835  ,United States,1653677343,1653677343,-96.8603,32.4583,998.22,False,50.48,182.92,-0.33,No Data,845.82,No Data,False,0
150,a56103,N446BC  ,United States,1653677306,1653677306,-94.4964,28.7199,6659.88,False,123.43,149.16,2.6,No Data,7002.78,No Data,False,0
151,ab18f8,N814HS  ,United States,1653677343,1653677343,-96.3347,28.6631,4236.72,False,165.1,218.55,0.0,No Data,4472.94,No Data,False,0
152,a9eda4,N739MY  ,United States,1653677342,1653677342,-98.4618,29.3221,396.24,False,39.13,87.74,-2.93,No Data,396.24,No Data,False,0
153,ad4873,AAL2679 ,United States,1653677337,1653677343,-88.3179,31.4162,10668.0,False,247.59,101.26,0.0,No Data,11102.34,No Data,False,0
154,a1917b,N       ,United States,1653676523,1653677343,-92.762,32.2519,12192.0,False,188.98,309.37,0.0,No Data,12633.96,5771,False,0
155,aa7e7c,UAL1481 ,United States,1653677314,1653677314,-108.6111,32.3158,11277.6,False,248.48,99.77,0.0,No Data,11772.9,No Data,False,0
156,a7178c,AAL1660 ,United States,1653677341,1653677343,-105.5702,32.0291,10363.2,False,219.89,262.74,0.0,No Data,10873.74,No Data,False,0
157,a631f7,N499EM  ,United States,1653677342,1653677342,-89.6695,30.5326,10058.4,False,208.46,82.77,0.0,No Data,10507.98,No Data,False,0
158,a21fca,N236LF  ,United States,1653677343,1653677343,-98.3493,29.4259,3314.7,False,128.06,82.85,-0.33,No Data,3489.96,No Data,False,0
159,aa7e2e,UAL2026 ,United States,1653677343,1653677343,-95.8207,29.7258,3665.22,False,145.47,61.71,-7.15,No Data,3855.72,6741,True,0
160,a1694d,N190MQ  ,United States,1653677343,1653677343,-90.4794,32.4816,10660.38,False,251.92,93.04,0.0,No Data,11087.1,2240,False,0
161,a3a9eb,AAL1302 ,United States,1653677237,1653677237,-86.8809,23.1713,11277.6,False,264.65,75.48,0.0,No Data,11932.92,No Data,False,0
162,a53975,AAL1082 ,United States,1653677343,1653677343,-89.8434,31.5173,10675.62,False,249.91,101.52,0.0,No Data,11117.58,1557,False,0
163,aa728b,XOJ772  ,United States,1653677269,1653677342,-94.8693,31.1118,7620.0,False,235.87,49.95,-0.33,No Data,7993.38,7333,False,0
164,aa7288,AAL1201 ,United States,1653677341,1653677341,-90.7675,29.6438,11582.4,False,211.92,275.57,-0.33,No Data,12077.7,1360,False,0
165,a6ca7f,ASA228  ,United States,1653677342,1653677342,-101.5228,30.1752,11269.98,False,248.02,141.06,0.0,No Data,11803.38,3543,False,0
166,abb995,SWA2559 ,United States,1653677342,1653677342,-97.5097,30.5884,2171.7,False,149.9,223.89,-5.53,No Data,2301.24,No Data,False,0
167,a1ee27,SWA330  ,United States,1653677323,1653677336,-104.2186,31.653,10972.8,False,222.97,286.76,0.0,No Data,11483.34,No Data,False,0
168,a87f51,AAL632  ,United States,1653677342,1653677342,-98.7662,30.7951,5509.26,False,214.92,97.7,-4.55,No Data,5882.64,No Data,False,0
169,ac7633,N9017C  ,United States,1653677338,1653677338,-111.1969,32.4624,1005.84,False,69.48,315.3,0.33,No Data,1005.84,No Data,False,0
170,aae6cd,AAL1769 ,United States,1653677342,1653677342,-90.1829,30.6437,10363.2,False,222.41,287.64,0.0,No Data,10812.78,6070,False,0
171,ac763e,AAL1263 ,United States,1653677342,1653677342,-98.0684,31.6984,9845.04,False,213.36,24.96,-4.88,No Data,10325.1,No Data,False,0
172,ac6315,,United States,1653677244,1653677318,-99.9142,26.0156,5562.6,False,85.44,16.8,4.23,No Data,5913.12,No Data,False,0
173,ab3c61,DAL1972 ,United States,1653677343,1653677343,-113.1462,31.2153,10363.2,False,236.99,318.87,0.0,No Data,10866.12,No Data,False,0
174,c01cae,WJA2425 ,Canada,1653677343,1653677343,-88.6099,29.5219,10675.62,False,244.0,22.56,0.0,No Data,11155.68,No Data,False,0
175,add092,N99CX   ,United States,1653677054,1653677054,-95.2516,30.027,853.44,False,94.64,208.93,-9.75,No Data,891.54,3603,False,0
176,aa58ea,N766ME  ,United States,1653677342,1653677342,-98.4782,29.6173,411.48,False,39.64,272.23,-0.98,No Data,434.34,No Data,False,0
177,a57158,KCAE    ,United States,1653677343,1653677343,-104.7035,32.3179,12184.38,False,215.55,269.86,0.65,No Data,12687.3,2001,False,0
178,a7016f,N550WR  ,United States,1653677342,1653677342,-96.7037,31.9182,10363.2,False,167.73,316.12,0.0,No Data,10812.78,7372,False,0
179,a82167,ENY3781 ,United States,1653677342,1653677342,-98.7054,29.1403,9753.6,False,233.12,202.72,0.0,No Data,10233.66,3477,False,0
180,a8214b,N6229N  ,United States,1653677127,1653677127,-116.4516,31.216,2164.08,False,61.91,154.93,0.33,No Data,2217.42,No Data,False,0
181,ac10ed,N877G   ,United States,1653677342,1653677342,-98.5381,29.5829,571.5,False,51.45,130.54,-3.25,No Data,579.12,No Data,False,0
182,a6690f,N512C   ,United States,1653677049,1653677049,-95.8361,29.8652,457.2,False,72.42,247.44,-1.3,No Data,502.92,No Data,False,0
183,a3f621,UAL1679 ,United States,1653677342,1653677342,-100.7089,29.3935,10668.0,False,245.27,138.49,0.0,No Data,11209.02,No Data,False,0
184,a94135,N696CC  ,United States,1653677035,1653677035,-98.3875,30.3642,1363.98,False,87.58,51.92,-2.93,No Data,1455.42,No Data,False,0
185,addc7d,N9920V  ,United States,1653677342,1653677342,-87.3044,30.8861,1188.72,False,43.88,4.71,-1.95,No Data,1219.2,No Data,False,0
186,a0a967,,United States,1653677311,1653677311,-95.3323,29.9475,320.04,False,99.79,129.35,9.1,No Data,335.28,No Data,False,0
187,a356ed,AAY152  ,United States,1653677326,1653677326,-98.4708,29.5263,No Data,True,0.0,329.06,No Data,No Data,No Data,No Data,False,0
188,ab184d,AAL619  ,United States,1653677342,1653677342,-89.1989,31.7917,10523.22,False,232.46,29.57,4.23,No Data,10866.12,No Data,False,0
189,aa7b78,SWA306  ,United States,1653677230,1653677230,-86.9527,22.1298,8511.54,False,231.73,355.42,10.4,No Data,8511.54,No Data,False,0
190,a6f45a,N5470W  ,United States,1653677342,1653677342,-98.2304,29.8921,1158.24,False,51.0,278.7,0.65,No Data,1234.44,No Data,False,0
191,a1c975,N214MD  ,United States,1653677106,1653677297,-112.6851,30.5851,12496.8,False,250.26,146.15,0.0,No Data,13045.44,No Data,False,0
192,a70d96,N55349  ,United States,1653677342,1653677342,-97.3827,26.1655,426.72,False,49.2,96.6,3.9,No Data,441.96,No Data,False,0
193,a5c15e,DPJ470  ,United States,1653677342,1653677342,-93.4619,31.1572,11582.4,False,216.05,219.3,0.0,No Data,12054.84,6221,False,0
194,a81a46,N621DG  ,United States,1653677342,1653677342,-97.4376,29.4088,2255.52,False,86.95,171.15,0.33,No Data,2377.44,No Data,False,0
195,a70156,DCM4000 ,United States,1653677342,1653677343,-95.79,30.7944,7010.4,False,208.97,334.95,1.63,No Data,7360.92,7242,False,0
196,a6a665,N5278F  ,United States,1653674268,1653677340,-95.3636,29.7561,335.28,False,34.5,20.06,-0.33,No Data,365.76,No Data,False,0
197,ac2fff,EDV5438 ,United States,1653677336,1653677336,-89.7596,31.6777,8534.4,False,223.54,229.01,-0.33,No Data,8884.92,No Data,False,0
198,ad8c32,TEX972  ,United States,1653677154,1653677174,-98.4879,29.5446,243.84,False,57.59,131.38,-0.65,No Data,259.08,2616,False,0
199,acd64b,AAL1785 ,United States,1653677342,1653677343,-91.9765,31.2271,9479.28,False,247.05,141.34,0.0,No Data,9890.76,No Data,False,0
200,a7761d,N580CC  ,United States,1653677341,1653677342,-101.4664,32.2589,1363.98,False,63.36,222.37,1.63,No Data,1409.7,No Data,False,0
201,aa9fa4,N784CR  ,United States,1653677342,1653677342,-97.2778,29.8833,990.6,False,53.2,80.54,-1.3,No Data,1059.18,No Data,False,0
202,a0822c,UCA4277 ,United States,1653677342,1653677342,-97.8268,24.9116,10668.0,False,246.46,18.25,0.0,No Data,11224.26,No Data,False,0
203,ae01c8,DOGGO46 ,United States,1653677342,1653677342,-109.5141,31.7689,8534.4,False,202.29,79.0,0.0,No Data,8983.98,No Data,False,0
204,a0f86d,N1615A  ,United States,1653677341,1653677341,-95.9565,29.8938,1356.36,False,45.93,311.37,-0.98,No Data,1417.32,No Data,False,0
205,a1aeb3,N2072S  ,United States,1653677339,1653677343,-96.7404,30.6085,2918.46,False,88.15,266.32,-4.88,No Data,3040.38,4642,False,0
206,a23847,JTL242  ,United States,1653677342,1653677342,-97.4206,30.7114,3345.18,False,166.8,206.17,-9.1,No Data,3505.2,5744,False,0
207,a8df96,N671BP  ,United States,1653677342,1653677343,-96.6401,31.1076,10066.02,False,236.94,159.01,0.0,No Data,10553.7,No Data,False,0
208,a39ef2,EJM333  ,United States,1653677342,1653677342,-97.6603,30.2953,716.28,False,102.48,177.41,-3.58,No Data,769.62,No Data,False,0
209,a33e4a,AAY99   ,United States,1653677342,1653677342,-104.1187,31.0665,11582.4,False,213.06,292.73,0.0,No Data,12123.42,No Data,False,0
210,ab663f,ASH6026 ,United States,1653677342,1653677342,-104.0523,31.3974,10363.2,False,219.55,279.44,0.0,No Data,10858.5,2462,False,0
211,a44b56,DAL1642 ,United States,1653677342,1653677342,-89.998,31.9976,9753.6,False,227.66,247.55,0.0,No Data,10187.94,No Data,False,0
212,a7288a,N560SR  ,United States,1653677336,1653677337,-87.0782,30.5213,640.08,False,82.39,195.95,-2.6,No Data,670.56,No Data,False,0
213,ad3f6f,N503AF  ,United States,1653677052,1653677102,-95.5435,30.0039,281.94,False,40.39,353.42,-1.3,No Data,274.32,No Data,False,0
214,a4ae48,SKW3460 ,United States,1653677343,1653677343,-102.1104,31.4238,10668.0,False,248.29,101.47,0.0,No Data,11178.54,No Data,False,0
215,aadf09,EDG8    ,United States,1653677343,1653677343,-97.8547,30.5319,1676.4,False,143.23,114.17,-9.1,No Data,1760.22,No Data,False,0
216,a081a3,UCA4283 ,United States,1653677342,1653677342,-97.9154,27.751,11277.6,False,236.8,39.53,0.0,No Data,11788.14,No Data,False,0
217,a7fb8d,N613TA  ,United States,1653677301,1653677301,-99.9297,30.0156,2842.26,False,109.81,130.63,-5.2,No Data,2987.04,No Data,False,0
218,adca65,N988RT  ,United States,1653677342,1653677342,-98.6997,32.1762,8572.5,False,240.9,84.36,-5.2,No Data,9006.84,No Data,False,0
219,a95596,N700LP  ,United States,1653676854,1653677342,-95.5414,31.4329,6705.6,False,155.08,322.14,-4.88,No Data,6903.72,No Data,False,0
220,a96890,N705QS  ,United States,1653677214,1653677214,-93.4049,29.651,11917.68,False,251.62,91.17,8.13,No Data,11780.52,No Data,False,0
221,a39427,N33HB   ,United States,1653677332,1653677332,-111.3787,32.3699,1805.94,False,32.88,249.86,0.98,No Data,1912.62,No Data,False,0
222,aa7abe,UAL2675 ,United States,1653677341,1653677342,-104.5443,31.6725,10363.2,False,221.35,281.26,0.0,No Data,10858.5,2560,False,0
223,ab4126,N824QS  ,United States,1653677343,1653677343,-116.4221,31.8891,12496.8,False,257.54,138.0,0.0,No Data,12976.86,No Data,False,0
224,ac0aac,UAL1072 ,United States,1653677342,1653677342,-97.1036,28.492,11902.44,False,240.76,36.75,0.0,No Data,12443.46,No Data,False,0
225,a3d166,N345RP  ,United States,1653677342,1653677342,-101.3345,32.0503,4282.44,False,85.36,79.23,3.25,No Data,4541.52,No Data,False,0
226,a2b133,UAL1968 ,United States,1653677342,1653677342,-105.5429,31.9071,10972.8,False,222.6,284.45,0.0,No Data,11483.34,3675,True,0
227,a0218c,N1073X  ,United States,1653677343,1653677343,-98.1588,30.0579,1943.1,False,56.52,214.99,2.6,No Data,2042.16,No Data,False,0
228,a2b130,UAL2214 ,United States,1653677343,1653677343,-102.5931,31.7148,11277.6,False,252.16,102.25,0.0,No Data,11788.14,No Data,False,0
229,ac7468,N901RP  ,United States,1653677343,1653677343,-97.3977,30.2435,2651.76,False,126.79,285.05,-6.5,No Data,2781.3,No Data,False,0
230,a4fd49,N420TA  ,United States,1653677340,1653677342,-104.1559,31.8396,6096.0,False,138.22,263.59,0.0,No Data,6431.28,No Data,False,0
231,a1afa4,N2079N  ,United States,1653677342,1653677342,-87.2489,30.6611,1402.08,False,73.74,104.13,-1.63,No Data,1424.94,No Data,False,0
232,ada7df,GDG979  ,United States,1653677340,1653677341,-115.3025,30.7558,11269.98,False,237.57,141.42,0.65,No Data,11795.76,3673,False,0
233,a3d122,DAL1214 ,United States,1653677343,1653677343,-98.609,29.7129,883.92,False,91.74,227.27,0.33,No Data,937.26,7447,False,0
234,adf5ef,N999VB  ,United States,1653677342,1653677343,-96.6053,31.3241,6370.32,False,147.03,167.47,0.0,No Data,6697.98,2315,False,0
235,aa59a5,AAL1049 ,United States,1653677342,1653677343,-99.2806,28.0037,11071.86,False,228.6,16.07,4.55,No Data,11590.02,No Data,False,0
236,a3a97d,N335MH  ,United States,1653677342,1653677342,-98.7114,29.7302,1272.54,False,38.39,107.95,-1.63,No Data,1356.36,No Data,False,0
237,ab04b3,N809QJ  ,United States,1653677342,1653677342,-97.8787,26.7489,1958.34,False,63.36,209.69,-0.33,No Data,2057.4,No Data,False,0
238,acbd02,N92NE   ,United States,1653677143,1653677144,-98.4542,29.7556,426.72,False,39.38,160.14,-5.85,No Data,441.96,No Data,False,0
239,a140c5,N180B   ,United States,1653677342,1653677342,-97.5289,28.647,3048.0,False,148.9,142.3,-10.4,No Data,3223.26,No Data,False,0
240,a33f67,N3080E  ,United States,1653677342,1653677342,-98.5376,29.2691,883.92,False,53.84,45.77,-4.23,No Data,899.16,No Data,False,0
241,ad3da8,SCA52   ,United States,1653677342,1653677342,-111.24,32.4638,1310.64,False,52.3,320.99,2.28,No Data,1341.12,No Data,False,0
242,a33327,AAL1095 ,United States,1653677263,1653677342,-93.7425,30.4316,11277.6,False,253.77,88.03,0.0,No Data,11750.04,3275,False,0
243,a54a9e,N440AA  ,United States,1653677038,1653677061,-95.6587,29.7959,182.88,False,36.18,330.15,-2.6,No Data,175.26,No Data,False,0
244,a07fd9,TWY13   ,United States,1653677343,1653677343,-102.4742,31.2757,12192.0,False,214.44,295.89,-0.33,No Data,12702.54,No Data,False,0
245,a78a20,N585SW  ,United States,1653677343,1653677343,-90.5705,30.2387,5166.36,False,102.95,88.0,0.0,No Data,5387.34,No Data,False,0
246,a73ab6,JIA5453 ,United States,1653677342,1653677342,-86.9294,31.0099,3307.08,False,161.96,233.79,-10.73,No Data,3406.14,No Data,False,0
247,a203a9,ENY3909 ,United States,1653677342,1653677342,-97.6253,31.7533,10568.94,False,217.83,18.31,3.58,No Data,11026.14,No Data,False,0
248,a193aa,SKW5387 ,United States,1653677343,1653677343,-96.3093,31.9109,10058.4,False,231.77,31.29,0.0,No Data,10500.36,2501,False,0
249,a37358,N321PM  ,United States,1653677313,1653677313,-97.8568,29.9212,320.04,False,53.41,193.37,-1.95,No Data,342.9,No Data,False,0
250,ab3ee2,ASH6176 ,United States,1653677343,1653677343,-96.6557,28.876,10195.56,False,235.74,30.71,-12.35,No Data,10668.0,No Data,False,0
251,0d083b,SLI638  ,Mexico,1653677343,1653677343,-98.9195,27.8786,10866.12,False,234.91,18.51,-18.53,No Data,11422.38,No Data,False,0
252,a24c73,UAL2405 ,United States,1653677342,1653677343,-96.0392,29.6221,4815.84,False,178.15,61.73,-6.5,No Data,5090.16,No Data,False,0
253,abd204,SWA126  ,United States,1653677343,1653677343,-109.1177,32.4103,11277.6,False,241.96,103.15,0.33,No Data,11780.52,No Data,False,0
254,a1335f,N177BZ  ,United States,1653677342,1653677342,-103.1138,32.1888,3017.52,False,61.66,252.02,0.0,No Data,3185.16,No Data,False,0
255,ad0b0f,N94CP   ,United States,1653677343,1653677343,-97.8394,29.8895,396.24,False,53.98,349.01,-0.98,No Data,426.72,No Data,False,0
256,a37389,AAL651  ,United States,1653677316,1653677337,-89.6569,32.4164,11277.6,False,254.44,92.78,0.0,No Data,11711.94,2012,False,0
257,ad120c,N941NA  ,United States,1653677342,1653677342,-102.0647,31.0556,4846.32,False,128.64,284.59,0.33,No Data,5128.26,No Data,False,0
258,a5030e,CWG422  ,United States,1653677342,1653677343,-97.0924,30.3518,4991.1,False,183.68,89.04,14.96,No Data,5242.56,No Data,False,0
259,a1f811,XLS1014 ,United States,1653677342,1653677343,-93.125,31.4944,12192.0,False,217.19,287.79,0.33,No Data,12694.92,7267,False,0
260,a8d97d,N67BE   ,United States,1653677342,1653677342,-95.9556,24.9237,12184.38,False,177.25,301.11,-1.3,No Data,12801.6,No Data,False,0
261,a42b32,DAL2982 ,United States,1653677343,1653677343,-96.2803,32.1488,10980.42,False,224.04,228.07,0.33,No Data,11460.48,4137,False,0
262,a97088,KPO707  ,United States,1653677342,1653677342,-116.4695,31.8039,13716.0,False,232.27,141.02,0.33,No Data,14142.72,No Data,False,0
263,a81525,00000000,United States,1653677343,1653677343,-97.546,30.2634,830.58,False,114.67,5.15,-8.13,No Data,876.3,No Data,False,0
264,a132f9,N305MA  ,United States,1653677342,1653677342,-90.9625,29.3669,11582.4,False,220.48,276.3,0.0,No Data,12092.94,1356,False,0
265,ac03f2,ASH6355 ,United States,1653677342,1653677342,-89.0735,30.6222,10668.0,False,241.12,80.3,0.0,No Data,11140.44,No Data,False,0
266,aa5049,N7639J  ,United States,1653677342,1653677342,-97.8922,30.9932,3169.92,False,49.24,327.8,2.93,No Data,3329.94,No Data,False,0
267,a6c247,UAL736  ,United States,1653677343,1653677343,-101.4398,30.9415,9753.6,False,226.0,283.02,0.0,No Data,10241.28,No Data,False,0
268,a0b1ea,DAL1661 ,United States,1653677342,1653677342,-90.2986,30.1546,2491.74,False,155.4,46.74,13.98,No Data,2583.18,No Data,False,0
269,ac1988,,United States,1653677341,1653677342,-98.3895,23.2656,11269.98,False,244.96,11.26,0.0,No Data,11894.82,No Data,False,0
270,ac66df,EJM89   ,United States,1653677336,1653677336,-115.5194,31.2401,11887.2,False,253.22,139.45,-0.33,No Data,12390.12,No Data,False,0
271,a6bb9e,N533AM  ,United States,1653677343,1653677343,-110.8523,32.2476,1036.32,False,56.02,82.61,0.98,No Data,1036.32,No Data,False,0
272,ad3997,AAL390  ,United States,1653677341,1653677343,-98.2896,26.9603,11887.2,False,228.26,356.77,0.0,No Data,12466.32,No Data,False,0
273,a3615f,FFT208  ,United States,1653677342,1653677343,-111.6506,32.479,10668.0,False,233.8,152.19,0.0,No Data,11155.68,No Data,False,0
274,abc035,SWA269  ,United States,1653677341,1653677341,-110.2969,32.1628,4366.26,False,175.35,262.58,-9.75,No Data,4671.06,No Data,False,0
275,a9e758,BL7ZN   ,United States,1653677332,1653677337,-87.2635,30.5183,731.52,False,37.83,315.0,0.33,No Data,746.76,No Data,False,0
276,aac605,N79331  ,United States,1653677342,1653677342,-101.1781,32.5368,2255.52,False,62.11,148.55,-1.3,No Data,2362.2,No Data,False,0
277,ad6182,SKW4670 ,United States,1653677342,1653677342,-90.1434,31.974,9144.0,False,218.65,251.05,0.0,No Data,9547.86,No Data,False,0
278,a120a4,AJT885  ,United States,1653677343,1653677343,-102.798,31.8121,11894.82,False,257.53,99.31,0.0,No Data,12382.5,No Data,False,0
279,aa0119,N74374  ,United States,1653677340,1653677343,-95.4416,29.7861,426.72,False,55.15,278.58,-0.65,No Data,480.06,No Data,False,0
280,a000d4,N1JK    ,United States,1653677342,1653677342,-94.9883,29.5664,5120.64,False,201.19,74.58,8.78,No Data,5372.1,No Data,False,0
281,a4e3d0,N414JM  ,United States,1653677337,1653677337,-98.9596,30.0508,1219.2,False,78.09,293.69,0.65,No Data,1264.92,No Data,False,0
282,a0ac87,N1420S  ,United States,1653677319,1653677319,-95.7121,29.7938,320.04,False,48.78,332.35,-0.33,No Data,441.96,No Data,False,0
283,a610a0,OKC490  ,United States,1653677342,1653677342,-91.3751,29.9986,12192.0,False,198.19,274.62,0.0,No Data,12694.92,No Data,False,0
284,a6d646,N54HD   ,United States,1653677342,1653677343,-102.8788,31.9167,11582.4,False,181.67,271.62,0.0,No Data,12092.94,No Data,False,0
285,a240d1,N244WB  ,United States,1653677342,1653677342,-98.8571,29.3641,762.0,False,35.44,332.32,4.23,No Data,815.34,No Data,False,0
286,a82973,N625GN  ,United States,1653677343,1653677343,-99.7533,31.7131,12496.8,False,266.18,137.58,-0.33,No Data,12961.62,No Data,False,0
287,a3b0e5,N337MB  ,United States,1653677343,1653677343,-97.7218,29.6785,2255.52,False,50.93,314.18,6.5,No Data,2385.06,No Data,False,0
288,a4463e,DAL602  ,United States,1653677062,1653677064,-94.8866,24.8467,9753.6,False,226.08,209.89,0.0,No Data,10256.52,No Data,False,0
289,ac04f5,SWA2164 ,United States,1653677342,1653677342,-99.8216,31.2131,10248.9,False,249.03,114.92,-4.88,No Data,10767.06,No Data,False,0
290,a50ff0,N425TW  ,United States,1653677342,1653677343,-98.1578,31.1086,6400.8,False,117.56,10.08,0.33,No Data,6736.08,No Data,False,0
291,ac9ae8,ASH5850 ,United States,1653677341,1653677343,-99.4908,32.3007,10050.78,False,252.55,86.5,0.33,No Data,10492.74,No Data,False,0
292,a2e045,UAL1276 ,United States,1653677343,1653677343,-100.2168,29.0294,10668.0,False,245.09,140.19,0.0,No Data,11193.78,No Data,False,0
293,acf1a3,ENY3953 ,United States,1653677343,1653677343,-100.0436,31.9304,5212.08,False,187.44,21.07,6.5,No Data,5516.88,No Data,False,0
294,ad2f6f,N949JR  ,United States,1653677342,1653677343,-87.1107,30.3698,1203.96,False,79.88,287.62,7.15,No Data,1234.44,No Data,False,0
295,ad2351,N9459C  ,United States,1653677004,1653677342,-95.696,32.4712,1645.92,False,52.27,96.22,0.0,No Data,1714.5,No Data,False,0
296,ab08b7,N81TL   ,United States,1653677343,1653677343,-97.0831,31.8956,8229.6,False,160.68,131.76,0.0,No Data,8633.46,No Data,False,0
297,a5c564,OKC471  ,United States,1653677343,1653677343,-90.9888,32.1395,12664.44,False,221.06,204.18,-12.35,No Data,13136.88,6233,False,0
298,ab9f3a,N848T   ,United States,1653677342,1653677342,-86.9645,30.3532,2423.16,False,67.21,264.29,0.0,No Data,2491.74,No Data,False,0
299,aae955,N802AK  ,United States,1653677186,1653677186,-99.6235,29.3735,1699.26,False,130.56,212.94,-12.35,No Data,1790.7,No Data,False,0
300,406d7b,BAW26E  ,United Kingdom,1653677342,1653677342,-91.8319,31.5747,12192.0,False,233.0,241.23,-0.33,No Data,12672.06,2422,False,0
301,ad2f2d,N949G   ,United States,1653677342,1653677343,-98.4562,29.966,1074.42,False,53.67,119.27,0.33,No Data,1112.52,No Data,False,0
302,a4077d,DAL1948 ,United States,1653677343,1653677343,-111.0286,32.0747,10660.38,False,232.46,174.79,-0.33,No Data,11170.92,No Data,False,0
303,a049ef,N118AD  ,United States,1653677342,1653677342,-86.907,31.652,8336.28,False,240.51,223.7,-10.73,No Data,8686.8,0415,False,0
304,aa1d82,N7508J  ,United States,1653677342,1653677343,-98.9679,30.1095,1889.76,False,65.29,220.85,1.63,No Data,1981.2,No Data,False,0
305,ae54e3,RNGR776 ,United States,1653677341,1653677341,-94.597,29.3832,7018.02,False,145.55,60.81,-0.65,No Data,7399.02,No Data,False,0
306,a010b3,JIT23   ,United States,1653677343,1653677343,-90.9346,29.2039,12192.0,False,184.81,272.07,0.0,No Data,12694.92,3342,False,0
307,a5012d,AAL1968 ,United States,1653677329,1653677329,-88.8633,29.0164,10668.0,False,257.79,98.95,-0.33,No Data,11170.92,No Data,False,0
308,aa84b0,N777SZ  ,United States,1653677342,1653677343,-87.0392,30.3797,1371.6,False,63.69,276.49,-0.33,No Data,1394.46,No Data,False,0
309,a3c15d,DAL649  ,United States,1653677343,1653677343,-94.1351,28.1583,10660.38,False,240.91,159.63,0.33,No Data,11170.92,6074,False,0
310,a4e146,SWA1519 ,United States,1653677342,1653677342,-98.1207,30.6364,3124.2,False,144.33,114.65,-5.85,No Data,3314.7,No Data,False,0
311,a26fc9,SWA471  ,United States,1653677343,1653677343,-96.3622,30.6817,7696.2,False,221.58,113.83,-11.05,No Data,8092.44,No Data,False,0
312,a19313,N200LX  ,United States,1653677342,1653677343,-95.6608,30.062,12192.0,False,227.59,283.6,0.33,No Data,12717.78,7052,False,0
313,a56323,RPA9936 ,United States,1653677061,1653677342,-94.4977,31.4785,10149.84,False,241.28,39.29,-0.33,No Data,10576.56,7202,False,0
314,a7c9d1,N6001Y  ,United States,1653677342,1653677342,-97.8618,30.6902,1432.56,False,43.8,213.5,2.6,No Data,1485.9,No Data,False,0
315,a3230f,N301AF  ,United States,1653677342,1653677343,-99.8484,30.6102,12199.62,False,219.7,294.04,0.0,No Data,12694.92,6657,True,0
316,a2b3a2,SWA1178 ,United States,1653677343,1653677343,-90.0696,30.7719,11887.2,False,251.55,75.31,0.0,No Data,12352.02,No Data,False,0
317,a3d3d6,,United States,1653677343,1653677343,-99.921,32.3875,3992.88,False,146.36,284.04,26.66,No Data,4229.1,No Data,False,0
318,a500a9,N421PP  ,United States,1653677341,1653677341,-91.0189,31.5031,7924.8,False,119.17,280.19,0.0,No Data,8282.94,No Data,False,0
319,a43c03,N372JB  ,United States,1653677342,1653677342,-115.457,30.9288,8214.36,False,155.77,143.05,-0.33,No Data,8633.46,No Data,False,0
320,abf4b0,N87HD   ,United States,1653677342,1653677342,-91.7324,31.0517,11277.6,False,258.09,61.29,0.0,No Data,11750.04,No Data,False,0
321,a32368,DAL2078 ,United States,1653677339,1653677339,-92.5048,31.2562,10668.0,False,252.82,72.23,0.0,No Data,11109.96,7465,False,0
322,a9d107,N731ZF  ,United States,1653677341,1653677342,-112.3591,32.3613,2590.8,False,68.83,222.27,0.33,No Data,2667.0,No Data,False,0
323,ac6445,AAL1711 ,United States,1653677342,1653677342,-98.9679,32.3258,10058.4,False,241.64,86.83,0.0,No Data,10523.22,No Data,False,0
324,aa0a6e,SKW256P ,United States,1653677334,1653677334,-92.3174,30.5661,2994.66,False,166.31,141.78,-7.48,No Data,3108.96,2323,False,0
325,a01e3d,CWG66   ,United States,1653676996,1653677046,-101.5531,26.841,13106.4,False,222.63,225.37,-0.33,No Data,13700.76,5245,False,0
326,a80c4d,N61785  ,United States,1653677342,1653677342,-98.4951,29.3409,327.66,False,35.11,325.15,-0.98,No Data,327.66,No Data,False,0
327,a8bcdd,NKS3139 ,United States,1653677342,1653677343,-90.7033,30.5103,10058.4,False,244.98,137.13,0.0,No Data,10492.74,6553,False,0
328,a9f6b9,SKW3205 ,United States,1653677342,1653677342,-96.3547,32.3035,6515.1,False,181.88,314.77,-10.08,No Data,6827.52,4065,False,0
329,a80c7b,ENY3872 ,United States,1653677342,1653677342,-97.1607,31.9976,5204.46,False,207.24,183.7,5.53,No Data,5486.4,No Data,False,0
330,0d098f,XARAN   ,Mexico,1653677341,1653677343,-102.5718,31.2491,13106.4,False,216.86,284.56,0.0,No Data,13632.18,2747,False,0
331,a8c3ea,N664JN  ,United States,1653677343,1653677343,-97.8148,28.0418,4831.08,False,191.09,327.42,4.55,No Data,5074.92,No Data,False,0
332,abe40a,SWA908  ,United States,1653677342,1653677342,-96.801,30.3365,6637.02,False,222.78,93.97,11.05,No Data,6972.3,2522,False,0
333,abdd63,ASH6085 ,United States,1653677342,1653677342,-100.3986,31.1032,10668.0,False,239.82,95.54,0.0,No Data,11155.68,No Data,False,0
334,a2fbf7,N2913E  ,United States,1653677341,1653677343,-95.7122,29.8082,853.44,False,36.19,284.83,1.63,No Data,891.54,No Data,False,0
335,0d0939,VIV4313 ,Mexico,1653677302,1653677302,-101.0126,26.8056,10020.3,False,239.89,110.07,-11.05,No Data,10736.58,No Data,False,0
336,a9335a,NKS460  ,United States,1653677343,1653677343,-98.4681,30.9522,11277.6,False,245.95,99.15,0.0,No Data,11795.76,No Data,False,0
337,a2c897,GXA697  ,United States,1653677342,1653677342,-98.0955,24.6611,11879.58,False,231.95,354.78,0.0,No Data,12512.04,No Data,False,0
338,abe450,SWA2493 ,United States,1653677342,1653677342,-95.5902,29.5626,2209.8,False,140.47,69.64,-2.93,No Data,2339.34,No Data,False,0
339,ad857e,AAL2927 ,United States,1653677332,1653677332,-110.945,32.1209,No Data,True,34.98,135.0,No Data,No Data,No Data,No Data,False,0
340,acfbdd,N9359P  ,United States,1653677340,1653677341,-98.7632,30.6405,2407.92,False,73.06,180.81,0.65,No Data,2537.46,No Data,False,0
341,a397d4,N330WS  ,United States,1653677343,1653677343,-98.2858,29.6993,2796.54,False,143.09,358.15,14.63,No Data,2941.32,No Data,False,0
342,a0aa2b,AAL925  ,United States,1653677342,1653677342,-103.5925,30.5194,10363.2,False,225.21,230.75,0.0,No Data,10881.36,No Data,False,0
343,a562e8,SWA927  ,United States,1653677342,1653677342,-90.1854,29.4826,11582.4,False,212.11,272.22,0.0,No Data,12092.94,No Data,False,0
344,a05a68,UCA4255 ,United States,1653677153,1653677180,-92.3747,29.4835,8534.4,False,231.15,258.31,0.0,No Data,8907.78,No Data,False,0
345,a011ac,AAL1793 ,United States,1653677342,1653677342,-87.2244,31.5616,10363.2,False,219.74,229.75,-0.33,No Data,10820.4,No Data,False,0
346,ad9811,AAL535  ,United States,1653677334,1653677334,-110.9614,31.0796,10477.5,False,232.2,182.29,3.58,No Data,10949.94,No Data,False,0
347,a31120,BYA297  ,United States,1653677342,1653677342,-99.4357,27.6524,7315.2,False,157.45,208.49,0.33,No Data,7741.92,No Data,False,0
348,a67d56,VOI501  ,United States,1653677343,1653677343,-116.8517,32.5044,655.32,False,80.56,294.93,-5.2,No Data,685.8,No Data,False,0
349,a0b18e,N144AB  ,United States,1653677342,1653677342,-105.8602,31.9614,13731.24,False,212.01,268.61,0.0,No Data,14211.3,0050,False,0
350,0d07a8,VOI942  ,Mexico,1653676635,1653677342,-94.5457,31.7352,11269.98,False,235.32,24.27,-0.33,No Data,11711.94,7206,False,0
351,a9e561,N737DK  ,United States,1653677342,1653677342,-96.7556,28.829,6096.0,False,141.65,191.31,0.0,No Data,6431.28,5206,False,0
352,a16aa6,N1901   ,United States,1653677343,1653677343,-87.0978,30.7939,4785.36,False,143.59,48.49,14.96,No Data,4983.48,No Data,False,0
353,aaeb0e,UAL1783 ,United States,1653677343,1653677343,-98.0047,30.59,2362.2,False,146.6,115.13,-5.85,No Data,2514.6,3214,False,0
354,a1babb,ENY3519 ,United States,1653677341,1653677341,-95.119,29.8704,2171.7,False,152.96,101.84,12.68,No Data,2217.42,No Data,False,0
355,a4c135,SWA6826 ,United States,1653677339,1653677342,-93.5192,31.6,10972.8,False,211.71,291.08,0.0,No Data,11414.76,7612,False,0
356,ae2f57,SAME90  ,United States,1653677317,1653677343,-96.93,31.9726,3169.92,False,99.04,209.23,0.0,No Data,3337.56,No Data,False,0
357,ad50a9,SWA486  ,United States,1653677323,1653677323,-89.3896,31.773,9288.78,False,226.66,219.29,-12.03,No Data,9723.12,No Data,False,0
358,a36470,N3179L  ,United States,1653677270,1653677270,-110.9463,32.1192,777.24,False,50.2,135.0,-2.28,No Data,769.62,No Data,False,0
359,a6b1b5,N530PC  ,United States,1653677342,1653677342,-98.0795,30.4737,1059.18,False,72.08,109.6,1.3,No Data,1112.52,No Data,False,0
360,a42f2a,EJA369  ,United States,1653677327,1653677343,-94.0473,31.788,12192.0,False,214.96,292.51,1.3,No Data,12633.96,2454,False,0
361,a3acaf,N336G   ,United States,1653677274,1653677274,-98.2102,31.3926,2872.74,False,82.29,8.99,0.0,No Data,3002.28,No Data,False,0
362,a389ef,N327SP  ,United States,1653677342,1653677343,-95.5137,29.8255,396.24,False,61.48,354.72,-1.95,No Data,396.24,No Data,False,0
363,a05f90,N123HK  ,United States,1653677342,1653677342,-109.2608,32.4282,12192.0,False,198.86,281.34,0.0,No Data,12702.54,No Data,False,0
364,a6894b,N520DT  ,United States,1653677342,1653677343,-98.4067,29.4865,396.24,False,35.02,100.15,0.33,No Data,381.0,No Data,False,0
365,acef18,SWA581  ,United States,1653677342,1653677343,-95.9181,29.8137,9060.18,False,236.67,261.5,-4.88,No Data,9502.14,0745,False,0
366,a3a0cc,UAL2361 ,United States,1653677131,1653677158,-108.6599,32.3222,11277.6,False,241.63,99.68,0.0,No Data,11780.52,No Data,False,0
367,a7e630,JIA5407 ,United States,1653677341,1653677341,-88.9978,32.3887,10668.0,False,248.89,93.32,-0.33,No Data,11087.1,0535,False,0
368,a8ec03,EJA674  ,United States,1653677343,1653677343,-96.647,32.1823,11658.6,False,210.12,322.26,2.6,No Data,12138.66,2503,False,0
369,adb40a,N982RA  ,United States,1653677342,1653677342,-87.6084,31.6985,6850.38,False,173.65,146.97,-8.45,No Data,7117.08,No Data,False,0
370,aa4c3e,UAL1527 ,United States,1653677343,1653677343,-103.7272,31.5279,10972.8,False,218.03,281.71,0.0,No Data,11483.34,7444,False,0
371,a600e4,SWA453  ,United States,1653677223,1653677223,-90.113,30.2054,1676.4,False,154.49,164.95,-7.8,No Data,2087.88,6306,False,0
372,a00562,N100GZ  ,United States,1653677342,1653677343,-98.4841,29.3922,1798.32,False,116.26,320.75,0.0,No Data,1897.38,No Data,False,0
373,aaea84,AAL353  ,United States,1653677341,1653677342,-100.8737,28.0362,11277.6,False,240.19,26.46,0.0,No Data,11841.48,No Data,False,0
374,a68981,LXJ520  ,United States,1653677342,1653677342,-89.7052,30.9746,13106.4,False,206.97,298.67,0.33,No Data,13586.46,6051,False,0
375,a0b5f5,N145HC  ,United States,1653677334,1653677334,-95.4398,29.6099,220.98,False,63.81,196.39,0.0,No Data,236.22,No Data,False,0
376,a2588a,N250LT  ,United States,1653677110,1653677337,-97.1443,31.4615,4686.3,False,145.18,27.2,-0.65,No Data,4968.24,No Data,False,0
377,a185fd,N198BA  ,United States,1653677343,1653677343,-97.7319,30.3913,609.6,False,37.1,266.82,0.0,No Data,640.08,No Data,False,0
378,a542a9,SWQ3812 ,United States,1653677324,1653677324,-92.6172,31.5856,1363.98,False,141.53,149.89,-5.2,No Data,1417.32,No Data,False,0
379,a50887,UAL1418 ,United States,1653677343,1653677343,-87.5012,31.0456,9441.18,False,256.07,100.77,-0.33,No Data,9890.76,1427,False,0
380,a4e808,JTL415  ,United States,1653677343,1653677343,-97.7277,30.397,1440.18,False,113.15,146.31,-7.15,No Data,1516.38,No Data,False,0
381,ab24ee,WSN22   ,United States,1653677176,1653677343,-95.9904,32.2307,6400.8,False,140.9,77.13,0.0,No Data,6720.84,No Data,False,0
382,a5f581,UAL1438 ,United States,1653677342,1653677342,-99.7549,28.9146,10980.42,False,224.31,247.91,0.0,No Data,11529.06,2711,False,0
383,a72249,N559QS  ,United States,1653677343,1653677343,-97.9965,30.2028,13106.4,False,189.35,206.98,-0.33,No Data,13624.56,3463,False,0
384,a9be40,N727HD  ,United States,1653677246,1653677246,-90.3308,30.5237,556.26,False,109.17,166.09,-1.63,No Data,601.98,No Data,False,0
385,a4e876,UAL797  ,United States,1653677342,1653677342,-115.693,31.199,10043.16,False,243.13,142.91,0.0,No Data,10546.08,No Data,False,0
386,ac7a94,00000000,United States,1653677342,1653677342,-98.134,28.6138,8648.7,False,197.94,344.63,7.48,No Data,9083.04,No Data,False,0
387,aa79dd,N774WF  ,United States,1653677341,1653677342,-98.8845,28.6985,10668.0,False,230.33,21.35,0.0,No Data,11193.78,No Data,False,0
388,aa17c6,N75AX   ,United States,1653677342,1653677342,-90.2232,30.8289,4678.68,False,209.81,176.34,-8.45,No Data,4899.66,0713,False,0
389,0d0de3,VIV3120 ,Mexico,1653677342,1653677343,-116.4937,32.3923,1988.82,False,129.51,284.26,-7.15,No Data,2087.88,No Data,False,0
390,0d0de8,VIV1124 ,Mexico,1653677342,1653677342,-99.4986,25.2112,6697.98,False,185.72,322.65,-10.08,No Data,7132.32,No Data,False,0
391,a614ab,N491JV  ,United States,1653677342,1653677343,-98.4598,30.794,4998.72,False,129.05,215.59,0.0,No Data,5295.9,No Data,False,0
392,a1d79d,N218DZ  ,United States,1653677128,1653677128,-95.8293,29.9677,708.66,False,115.24,200.38,-1.63,No Data,731.52,0440,False,0
393,a2f77b,SWA867  ,United States,1653677342,1653677342,-97.5641,30.4588,1524.0,False,145.41,206.02,-4.88,No Data,1615.44,1703,False,0
394,a84286,N631M   ,United States,1653677336,1653677339,-111.7778,32.4909,2926.08,False,52.08,110.22,-0.33,No Data,3048.0,No Data,False,0
395,0d0da8,VOI521  ,Mexico,1653677343,1653677343,-114.0763,31.1385,11582.4,False,233.04,320.19,0.0,No Data,12085.32,No Data,False,0
396,abc432,SWA2188 ,United States,1653677342,1653677343,-94.9691,31.0003,11277.6,False,244.77,53.2,0.0,No Data,11750.04,4074,False,0
397,0d0270,XBPGP   ,Mexico,1653677204,1653677205,-86.9176,21.0619,121.92,False,87.89,123.78,-4.23,No Data,121.92,No Data,False,0
398,ad15cf,AAL2727 ,United States,1653677333,1653677333,-110.3172,30.2983,11269.98,False,235.86,152.32,0.0,No Data,11803.38,No Data,False,0
399,a09c69,N1388R  ,United States,1653677295,1653677343,-96.3322,30.7171,152.4,False,43.19,347.62,2.28,No Data,144.78,No Data,False,0
400,0d0689,SLI2420 ,Mexico,1653677343,1653677343,-97.541,25.6127,2491.74,False,139.03,5.52,-4.88,No Data,2651.76,No Data,False,0
401,a338ac,JBU1138 ,United States,1653677342,1653677343,-95.9042,30.3907,8008.62,False,234.18,52.68,5.2,No Data,8420.1,7450,False,0
402,a9dfff,SY50J   ,United States,1653677343,1653677343,-87.4893,30.5314,1203.96,False,44.27,272.0,0.65,No Data,1219.2,No Data,False,0
403,abf9a3,N8707   ,United States,1653677343,1653677343,-88.125,30.7413,12489.18,False,247.11,85.7,0.33,No Data,12969.24,6734,False,0
404,a7ef79,N610HM  ,United States,1653677341,1653677341,-90.5556,30.1941,1798.32,False,60.78,272.91,0.65,No Data,1866.9,No Data,False,0
405,a5a2a7,N462SP  ,United States,1653677343,1653677343,-91.4741,30.6671,1310.64,False,66.51,115.18,-1.3,No Data,1333.5,No Data,False,0
406,a98515,SKW3237 ,United States,1653677241,1653677342,-94.0164,31.7267,9144.0,False,218.99,286.09,0.0,No Data,9532.62,6226,False,0
407,aaa107,SWA1718 ,United States,1653677333,1653677333,-94.1932,29.704,8961.12,False,247.9,97.27,8.13,No Data,9395.46,No Data,False,0
408,a8a0eb,N655SP  ,United States,1653677342,1653677343,-87.5657,32.1809,7955.28,False,131.84,325.81,0.0,No Data,8252.46,No Data,False,0
409,ae2bf1,C2317   ,United States,1653677165,1653677166,-97.2386,26.5384,274.32,False,74.93,54.78,0.33,No Data,281.94,No Data,False,0
410,a54d0b,OXF1395 ,United States,1653677107,1653677107,-111.2652,32.4826,1005.84,False,53.51,178.9,-4.23,No Data,998.22,No Data,False,0
411,a3d7e2,LXJ347  ,United States,1653677342,1653677343,-91.0346,30.2057,4175.76,False,197.96,141.22,-13.33,No Data,4358.64,6222,False,0
412,a001b1,N1TF    ,United States,1653677342,1653677342,-89.7786,30.3614,13449.3,False,274.71,73.13,2.93,No Data,13921.74,No Data,False,0
413,a05165,N12AM   ,United States,1653677342,1653677342,-95.7718,30.8622,5562.6,False,178.14,71.3,12.35,No Data,5829.3,2726,False,0
414,a17125,VET192  ,United States,1653677342,1653677342,-89.1117,30.9159,12496.8,False,265.1,73.08,0.65,No Data,12946.38,No Data,False,0
415,a44789,N375MZ  ,United States,1653677342,1653677342,-97.0931,30.9422,11285.22,False,257.03,104.37,0.0,No Data,11750.04,No Data,False,0
416,a864c9,N64VM   ,United States,1653677343,1653677343,-110.7178,32.0034,4351.02,False,128.64,103.65,12.68,No Data,4602.48,No Data,False,0
417,a85dd1,N6380E  ,United States,1653677343,1653677343,-98.5932,29.9476,1333.5,False,44.97,305.69,0.98,No Data,1394.46,No Data,False,0
418,a339b1,DAL708  ,United States,1653677342,1653677342,-104.2973,31.3655,11277.6,False,249.61,109.63,-0.33,No Data,11795.76,No Data,False,0
419,a9bb8f,GCT26   ,United States,1653677037,1653677342,-95.5141,31.3253,6096.0,False,134.02,324.85,-0.33,No Data,6423.66,2725,False,0
420,a25645,N25MN   ,United States,1653677343,1653677343,-96.094,30.1381,2834.64,False,92.72,153.29,-2.6,No Data,2979.42,1200,False,0
421,0d0562,XACSM   ,Mexico,1653677337,1653677337,-99.5759,26.877,9105.9,False,161.1,13.1,5.2,No Data,9608.82,No Data,False,0
422,a48f5d,EJA393  ,United States,1653677342,1653677343,-98.4704,29.6798,1524.0,False,102.44,298.5,-3.9,No Data,1615.44,2271,False,0
423,a6bd78,VOI964  ,United States,1653677107,1653677107,-98.4708,29.525,No Data,True,2.06,225.0,No Data,No Data,No Data,No Data,False,0
424,a37666,EGC322  ,United States,1653677342,1653677342,-96.0242,29.3701,3322.32,False,148.06,53.05,-5.53,No Data,3535.68,No Data,False,0
425,a0acdd,UAL1434 ,United States,1653677343,1653677343,-105.1807,31.6577,10972.8,False,221.42,279.9,0.0,No Data,11490.96,2757,False,0
426,abe7c5,SWA563  ,United States,1653677342,1653677342,-95.4705,29.7633,2750.82,False,138.3,313.19,14.31,No Data,2887.98,No Data,False,0
427,a38972,GCT27   ,United States,1653677340,1653677342,-94.7055,29.6287,5791.2,False,221.89,73.71,0.0,No Data,6073.14,No Data,False,0
428,a1c0ec,UCA4364 ,United States,1653677343,1653677343,-96.7889,32.4896,8839.2,False,248.8,166.37,0.0,No Data,9243.06,6536,False,0
429,a540e3,AAL515  ,United States,1653677342,1653677342,-103.998,30.967,10058.4,False,248.27,115.66,0.33,No Data,10576.56,No Data,False,0
430,ac55f3,UAL2183 ,United States,1653677334,1653677334,-98.7939,23.9476,10957.56,False,215.94,212.25,-0.65,No Data,11567.16,No Data,False,0
431,a97f0b,N71041  ,United States,1653677343,1653677343,-98.7976,29.2057,1005.84,False,65.16,51.41,0.98,No Data,1043.94,No Data,False,0
432,a0c823,N15DB   ,United States,1653677342,1653677342,-97.7,30.4496,4991.1,False,162.23,230.4,0.0,No Data,5234.94,4454,False,0
433,aa7800,N774BD  ,United States,1653677237,1653677237,-97.9483,31.6133,3947.16,False,84.7,31.08,0.0,No Data,4114.8,No Data,False,0
434,a78e09,AAL1977 ,United States,1653677342,1653677342,-90.9507,31.0269,10675.62,False,250.18,69.66,0.0,No Data,11132.82,3005,False,0
435,a56862,AAL416  ,United States,1653677333,1653677337,-92.3379,29.9138,10058.4,False,246.04,124.95,0.0,No Data,10523.22,1005,False,0
436,ab7e53,N84JL   ,United States,1653677343,1653677343,-96.7958,28.4456,5151.12,False,112.07,25.27,0.0,No Data,5410.2,No Data,False,0
437,ab35cb,AAL1402 ,United States,1653677343,1653677343,-98.4571,29.6709,11277.6,False,229.56,12.29,-0.33,No Data,11795.76,No Data,False,0
438,a5e070,N478SP  ,United States,1653677342,1653677342,-97.5677,30.0731,518.16,False,50.95,11.65,0.65,No Data,556.26,No Data,False,0
439,ad7633,,United States,1653677333,1653677335,-113.7009,31.0942,12192.0,False,242.53,309.84,-0.33,No Data,12710.16,No Data,False,0
440,add949,N9914L  ,United States,1653677343,1653677343,-91.2679,30.7615,1950.72,False,32.67,326.56,-0.65,No Data,2011.68,No Data,False,0
441,ab1019,N81149  ,United States,1653677343,1653677343,-90.2291,30.6899,975.36,False,30.26,197.82,2.28,No Data,1013.46,No Data,False,0
442,ad5c32,        ,United States,1653677343,1653677343,-100.3903,29.6629,8153.4,False,230.52,285.4,11.7,No Data,8572.5,No Data,False,0
443,ad5c33,AAL1288 ,United States,1653677290,1653677342,-97.1915,32.2373,5501.64,False,212.89,193.13,11.38,No Data,5814.06,No Data,False,0
444,abd3c7,AAL1486 ,United States,1653677342,1653677342,-94.2748,28.4159,11582.4,False,226.88,338.03,0.0,No Data,12123.42,No Data,False,0
445,a0fd17,N163CT  ,United States,1653677342,1653677342,-98.3444,30.6929,2872.74,False,63.69,350.23,0.65,No Data,3009.9,No Data,False,0
446,ac3c6c,N888JY  ,United States,1653677342,1653677342,-113.7372,31.6115,13106.4,False,247.99,303.06,0.33,No Data,13601.7,No Data,False,0
447,aa7833,DAL594  ,United States,1653677339,1653677339,-90.3252,28.9866,10668.0,False,245.9,143.25,0.0,No Data,11155.68,1007,False,0
448,0ac9c2,VVC464  ,Colombia,1653677342,1653677342,-87.1289,21.1782,944.88,False,108.87,56.76,-7.15,No Data,1127.76,No Data,False,0
